{"verbose":false,"generations":100,"population":100,"mutation":0.2,"crossover":0.8,"tournament_size":50,"data_size":1000,"data_type":"wines"}
Best, Average, Worst
0, 0.463, 0.03639, 0
1, 0.463, 0.03576, 0
2, 0.463, 0.03777, 0
3, 0.463, 0.02119, 0
4, 0.467, 0.03659, 0
5, 0.467, 0.02688, 0
6, 0.467, 0.01716, 0
7, 0.47, 0.01959, 0
8, 0.47, 0.01905, 0
9, 0.47, 0.01961, 0
10, 0.47, 0.01914, 0
11, 0.47, 0.02269, 0
12, 0.47, 0.01814, 0
13, 0.47, 0.04089, 0
14, 0.471, 0.03199, 0
15, 0.471, 0.02742, 0
16, 0.471, 0.03732, 0
17, 0.471, 0.05711, 0
18, 0.471, 0.06939, 0
19, 0.471, 0.07161, 0
20, 0.471, 0.05845, 0
21, 0.471, 0.08714, 0
22, 0.471, 0.08459, 0
23, 0.471, 0.07044, 0
24, 0.471, 0.08828, 0
25, 0.471, 0.0838, 0
26, 0.471, 0.08176, 0
27, 0.471, 0.07576, 0
28, 0.471, 0.08596, 0
29, 0.471, 0.06204, 0
30, 0.471, 0.06518, 0
31, 0.471, 0.06574, 0
32, 0.471, 0.05305, 0
33, 0.471, 0.04663, 0
34, 0.471, 0.03693, 0
35, 0.471, 0.05447, 0
36, 0.471, 0.0394, 0
37, 0.471, 0.04515, 0
38, 0.471, 0.03696, 0
39, 0.471, 0.05866, 0
40, 0.471, 0.04362, 0
41, 0.471, 0.06157, 0
42, 0.471, 0.05179, 0
43, 0.471, 0.05306, 0
44, 0.471, 0.06034, 0
45, 0.471, 0.04701, 0
46, 0.472, 0.06197, 0
47, 0.472, 0.06927, 0
48, 0.472, 0.05482, 0
49, 0.472, 0.05259, 0
50, 0.472, 0.07017, 0
51, 0.472, 0.07552, 0
52, 0.472, 0.06453, 0
53, 0.472, 0.05047, 0
54, 0.472, 0.05592, 0
55, 0.472, 0.08845, 0
56, 0.473, 0.06961, 0
57, 0.473, 0.09012, 0
58, 0.473, 0.0993, 0
59, 0.473, 0.12906, 0
60, 0.473, 0.15866, 0
61, 0.473, 0.20767, 0
62, 0.475, 0.23626, 0
63, 0.48, 0.25201, 0
64, 0.48, 0.23021, 0
65, 0.48, 0.22322, 0
66, 0.48, 0.24148, 0
67, 0.48, 0.24444, 0
68, 0.48, 0.27035, 0
69, 0.48, 0.26713, 0
70, 0.48, 0.30102, 0
71, 0.48, 0.35795, 0.001
72, 0.48, 0.3084, 0
73, 0.48, 0.29907, 0
74, 0.48, 0.32656, 0
75, 0.48, 0.29529, 0.001
76, 0.48, 0.28612, 0
77, 0.48, 0.28747, 0
78, 0.48, 0.30336, 0
79, 0.48, 0.2659, 0
80, 0.48, 0.3093, 0
81, 0.48, 0.2875, 0
82, 0.48, 0.2759, 0
83, 0.48, 0.27291, 0
84, 0.48, 0.29274, 0
85, 0.48, 0.28785, 0
86, 0.48, 0.33344, 0.001
87, 0.48, 0.3233, 0
88, 0.48, 0.31813, 0
89, 0.48, 0.26896, 0
90, 0.48, 0.19277, 0
91, 0.48, 0.19732, 0.001
92, 0.48, 0.18623, 0.001
93, 0.48, 0.23275, 0.001
94, 0.48, 0.18504, 0.001
95, 0.48, 0.14392, 0.002
96, 0.48, 0.15927, 0.001
97, 0.48, 0.14738, 0.001
98, 0.48, 0.12193, 0.004
99, 0.48, 0.15748, 0.004
