{"verbose":false,"generations":100,"population":100,"mutation":0.2,"crossover":0.8,"tournament_size":50,"data_size":1000,"data_type":"wines"}
Best, Average, Worst
0, 0.457, 0.04038, 0
1, 0.457, 0.05579, 0
2, 0.474, 0.05972, 0
3, 0.474, 0.07335, 0
4, 0.484, 0.08204, 0
5, 0.486, 0.04913, 0
6, 0.486, 0.09024, 0
7, 0.486, 0.07102, 0
8, 0.491, 0.10488, 0
9, 0.492, 0.09468, 0
10, 0.492, 0.12028, 0
11, 0.492, 0.09158, 0
12, 0.492, 0.09987, 0
13, 0.492, 0.07566, 0
14, 0.492, 0.08636, 0
15, 0.492, 0.0629, 0
16, 0.492, 0.06214, 0
17, 0.492, 0.06417, 0
18, 0.492, 0.06557, 0
19, 0.492, 0.07445, 0
20, 0.492, 0.09609, 0
21, 0.492, 0.0988, 0
22, 0.492, 0.10198, 0
23, 0.492, 0.15103, 0
24, 0.492, 0.18183, 0
25, 0.492, 0.23614, 0
26, 0.492, 0.24597, 0
27, 0.492, 0.23877, 0
28, 0.492, 0.23625, 0
29, 0.492, 0.25077, 0
30, 0.492, 0.25475, 0
31, 0.492, 0.23942, 0
32, 0.492, 0.22186, 0
33, 0.492, 0.20983, 0
34, 0.492, 0.18694, 0
35, 0.492, 0.21424, 0
36, 0.492, 0.19631, 0
37, 0.492, 0.24597, 0
38, 0.492, 0.19986, 0
39, 0.492, 0.24637, 0
40, 0.492, 0.23091, 0
41, 0.492, 0.21406, 0
42, 0.492, 0.14158, 0
43, 0.492, 0.14807, 0
44, 0.492, 0.12773, 0
45, 0.492, 0.10333, 0
46, 0.492, 0.07677, 0
47, 0.492, 0.08083, 0
48, 0.492, 0.12545, 0
49, 0.492, 0.12834, 0
50, 0.492, 0.12383, 0
51, 0.492, 0.15018, 0
52, 0.492, 0.1395, 0
53, 0.492, 0.13432, 0
54, 0.492, 0.16249, 0
55, 0.492, 0.18515, 0
56, 0.492, 0.15964, 0
57, 0.492, 0.18292, 0
58, 0.492, 0.17746, 0
59, 0.492, 0.18941, 0
60, 0.492, 0.19878, 0
61, 0.492, 0.15693, 0
62, 0.492, 0.1665, 0.027
63, 0.492, 0.1851, 0.027
64, 0.492, 0.1758, 0.027
65, 0.492, 0.1758, 0.027
66, 0.492, 0.1944, 0.027
67, 0.492, 0.2223, 0.027
68, 0.492, 0.1944, 0.027
69, 0.492, 0.26415, 0.027
70, 0.492, 0.213, 0.027
71, 0.492, 0.22695, 0.027
72, 0.492, 0.20835, 0.027
73, 0.492, 0.213, 0.027
74, 0.492, 0.21765, 0.027
75, 0.492, 0.19905, 0.027
76, 0.492, 0.2502, 0.027
77, 0.492, 0.24555, 0.027
78, 0.492, 0.24555, 0.027
79, 0.492, 0.30135, 0.027
80, 0.492, 0.32925, 0.027
81, 0.492, 0.26415, 0.027
82, 0.492, 0.24555, 0.027
83, 0.492, 0.26415, 0.027
84, 0.492, 0.27345, 0.027
85, 0.492, 0.2502, 0.027
86, 0.492, 0.2781, 0.027
87, 0.492, 0.2874, 0.027
88, 0.492, 0.3153, 0.027
89, 0.492, 0.30135, 0.027
90, 0.492, 0.36645, 0.027
91, 0.492, 0.31995, 0.027
92, 0.492, 0.3339, 0.027
93, 0.492, 0.3525, 0.027
94, 0.492, 0.32925, 0.027
95, 0.492, 0.28275, 0.027
96, 0.492, 0.2874, 0.027
97, 0.492, 0.31995, 0.027
98, 0.492, 0.399, 0.027
99, 0.492, 0.40365, 0.027
