{"verbose":false,"generations":100,"population":100,"mutation":0.2,"crossover":0.8,"tournament_size":50,"data_size":1000,"data_type":"wines"}
Best, Average, Worst
0, 0.423, 0.03394, 0
1, 0.423, 0.04437, 0
2, 0.423, 0.05233, 0
3, 0.423, 0.04668, 0
4, 0.423, 0.05946, 0
5, 0.423, 0.04712, 0
6, 0.423, 0.03573, 0
7, 0.423, 0.02801, 0
8, 0.423, 0.03849, 0
9, 0.423, 0.03067, 0
10, 0.423, 0.03864, 0
11, 0.423, 0.03334, 0
12, 0.423, 0.04538, 0
13, 0.423, 0.04846, 0
14, 0.423, 0.03613, 0
15, 0.423, 0.03815, 0
16, 0.423, 0.04733, 0
17, 0.423, 0.02764, 0
18, 0.423, 0.03051, 0
19, 0.423, 0.02971, 0
20, 0.423, 0.03704, 0
21, 0.423, 0.03596, 0
22, 0.423, 0.03216, 0
23, 0.423, 0.04015, 0
24, 0.423, 0.04226, 0
25, 0.425, 0.05762, 0
26, 0.425, 0.05315, 0
27, 0.425, 0.0548, 0
28, 0.425, 0.03978, 0
29, 0.425, 0.04781, 0
30, 0.425, 0.04381, 0
31, 0.425, 0.05545, 0
32, 0.425, 0.04892, 0
33, 0.425, 0.03254, 0
34, 0.425, 0.03795, 0
35, 0.425, 0.04331, 0
36, 0.425, 0.04961, 0
37, 0.425, 0.06146, 0
38, 0.435, 0.0753, 0
39, 0.435, 0.05278, 0
40, 0.435, 0.07501, 0
41, 0.435, 0.07917, 0
42, 0.435, 0.08971, 0
43, 0.435, 0.10244, 0
44, 0.435, 0.15422, 0
45, 0.447, 0.10834, 0
46, 0.447, 0.11366, 0
47, 0.447, 0.08141, 0
48, 0.447, 0.15597, 0
49, 0.447, 0.13528, 0
50, 0.447, 0.13008, 0
51, 0.447, 0.1471, 0
52, 0.447, 0.142, 0
53, 0.447, 0.1569, 0
54, 0.447, 0.18262, 0
55, 0.447, 0.15406, 0
56, 0.447, 0.1816, 0.01
57, 0.447, 0.17468, 0.005
58, 0.447, 0.15318, 0
59, 0.447, 0.13806, 0
60, 0.447, 0.13663, 0
61, 0.447, 0.08998, 0
62, 0.447, 0.12852, 0
63, 0.447, 0.15454, 0
64, 0.447, 0.17434, 0
65, 0.447, 0.19125, 0
66, 0.447, 0.17699, 0
67, 0.447, 0.19428, 0
68, 0.447, 0.2451, 0
69, 0.447, 0.24391, 0
70, 0.447, 0.20908, 0
71, 0.447, 0.20467, 0
72, 0.45, 0.16683, 0
73, 0.45, 0.19062, 0.005
74, 0.45, 0.21667, 0
75, 0.45, 0.17371, 0
76, 0.45, 0.16819, 0
77, 0.45, 0.13924, 0
78, 0.45, 0.12677, 0
79, 0.45, 0.13083, 0
80, 0.45, 0.12673, 0
81, 0.45, 0.15328, 0
82, 0.45, 0.13318, 0
83, 0.453, 0.1689, 0
84, 0.456, 0.19112, 0
85, 0.456, 0.21019, 0
86, 0.456, 0.1594, 0
87, 0.456, 0.18868, 0
88, 0.456, 0.18154, 0
89, 0.456, 0.14289, 0
90, 0.456, 0.14527, 0
91, 0.456, 0.18018, 0
92, 0.456, 0.19908, 0
93, 0.456, 0.21961, 0
94, 0.456, 0.21845, 0
95, 0.456, 0.23346, 0.003
96, 0.456, 0.18235, 0
97, 0.456, 0.24896, 0.001
98, 0.456, 0.24265, 0.024
99, 0.456, 0.22084, 0
