{"verbose":false,"generations":100,"population":100,"mutation":0.2,"crossover":0.8,"tournament_size":50,"data_size":1000,"data_type":"wines"}
Best, Average, Worst
0, 0.411, 0.03112, 0
1, 0.443, 0.02508, 0
2, 0.443, 0.0211, 0
3, 0.443, 0.02519, 0
4, 0.443, 0.03121, 0
5, 0.464, 0.0367, 0
6, 0.464, 0.04366, 0
7, 0.464, 0.04753, 0
8, 0.464, 0.04378, 0
9, 0.464, 0.05159, 0
10, 0.464, 0.05155, 0
11, 0.464, 0.06377, 0
12, 0.464, 0.06533, 0
13, 0.476, 0.06413, 0
14, 0.476, 0.05212, 0
15, 0.476, 0.05718, 0
16, 0.476, 0.0719, 0
17, 0.476, 0.06422, 0
18, 0.476, 0.05354, 0
19, 0.476, 0.04225, 0
20, 0.476, 0.05807, 0
21, 0.476, 0.08355, 0
22, 0.476, 0.07741, 0
23, 0.476, 0.05752, 0
24, 0.476, 0.079, 0
25, 0.476, 0.08783, 0
26, 0.476, 0.08271, 0
27, 0.476, 0.08251, 0
28, 0.476, 0.10117, 0
29, 0.476, 0.12442, 0
30, 0.476, 0.11732, 0
31, 0.476, 0.11755, 0
32, 0.476, 0.09349, 0
33, 0.476, 0.06694, 0
34, 0.476, 0.10539, 0
35, 0.476, 0.12972, 0
36, 0.476, 0.103, 0
37, 0.476, 0.12462, 0
38, 0.476, 0.11558, 0
39, 0.478, 0.1558, 0
40, 0.478, 0.16677, 0
41, 0.478, 0.13658, 0
42, 0.478, 0.10588, 0
43, 0.478, 0.12689, 0
44, 0.478, 0.11693, 0
45, 0.478, 0.12051, 0
46, 0.478, 0.12512, 0
47, 0.478, 0.09993, 0
48, 0.478, 0.10689, 0
49, 0.478, 0.07894, 0
50, 0.478, 0.0631, 0
51, 0.478, 0.07302, 0
52, 0.478, 0.10686, 0
53, 0.478, 0.11375, 0
54, 0.478, 0.12468, 0
55, 0.478, 0.15539, 0
56, 0.478, 0.1743, 0
57, 0.478, 0.19261, 0
58, 0.478, 0.1987, 0
59, 0.478, 0.20248, 0
60, 0.48, 0.20298, 0
61, 0.48, 0.20404, 0
62, 0.48, 0.19866, 0
63, 0.48, 0.15952, 0
64, 0.48, 0.12978, 0
65, 0.48, 0.18946, 0
66, 0.48, 0.19902, 0.005
67, 0.48, 0.2023, 0
68, 0.48, 0.20568, 0
69, 0.48, 0.23362, 0
70, 0.48, 0.27357, 0.005
71, 0.48, 0.25913, 0
72, 0.481, 0.29747, 0
73, 0.481, 0.29208, 0
74, 0.481, 0.29085, 0
75, 0.481, 0.34664, 0
76, 0.481, 0.35992, 0
77, 0.481, 0.40751, 0
78, 0.481, 0.42565, 0
79, 0.481, 0.41909, 0
80, 0.481, 0.41334, 0.026
81, 0.481, 0.44474, 0.061
82, 0.481, 0.4367, 0.055
83, 0.481, 0.43998, 0.063
84, 0.481, 0.42122, 0.061
85, 0.481, 0.4339, 0.061
86, 0.481, 0.41264, 0.061
87, 0.481, 0.4124, 0.061
88, 0.481, 0.39876, 0.147
89, 0.481, 0.41745, 0.147
90, 0.481, 0.42222, 0.067
91, 0.481, 0.43032, 0.063
92, 0.481, 0.45311, 0.063
93, 0.481, 0.44824, 0.147
94, 0.481, 0.41786, 0.069
95, 0.481, 0.38902, 0.147
96, 0.481, 0.35912, 0.064
97, 0.481, 0.39407, 0.067
98, 0.481, 0.37683, 0.067
99, 0.481, 0.39006, 0.064
