{"verbose":false,"generations":100,"population":100,"mutation":0.2,"crossover":0.8,"tournament_size":50,"data_size":1000,"data_type":"wines"}
Best, Average, Worst
0, 0.436, 0.02802, 0
1, 0.436, 0.03396, 0
2, 0.436, 0.0362, 0
3, 0.453, 0.04888, 0
4, 0.453, 0.06591, 0
5, 0.453, 0.05497, 0
6, 0.453, 0.07284, 0
7, 0.453, 0.09372, 0
8, 0.453, 0.08668, 0
9, 0.453, 0.09026, 0
10, 0.453, 0.0633, 0
11, 0.456, 0.09353, 0
12, 0.456, 0.07506, 0
13, 0.456, 0.12955, 0
14, 0.456, 0.13672, 0
15, 0.456, 0.11536, 0
16, 0.456, 0.10512, 0
17, 0.457, 0.13595, 0
18, 0.457, 0.16765, 0
19, 0.457, 0.16105, 0
20, 0.457, 0.17923, 0
21, 0.457, 0.21605, 0
22, 0.457, 0.25685, 0
23, 0.457, 0.26635, 0
24, 0.457, 0.25173, 0
25, 0.457, 0.23087, 0
26, 0.457, 0.17798, 0
27, 0.457, 0.19496, 0
28, 0.457, 0.21581, 0
29, 0.457, 0.19176, 0
30, 0.457, 0.22209, 0
31, 0.457, 0.25965, 0
32, 0.457, 0.23254, 0
33, 0.457, 0.25816, 0
34, 0.457, 0.32696, 0
35, 0.457, 0.27343, 0
36, 0.457, 0.28114, 0
37, 0.457, 0.32447, 0
38, 0.457, 0.29528, 0
39, 0.457, 0.29833, 0
40, 0.457, 0.31281, 0
41, 0.457, 0.30079, 0
42, 0.457, 0.27045, 0
43, 0.457, 0.2439, 0
44, 0.457, 0.26886, 0
45, 0.457, 0.32203, 0
46, 0.457, 0.30628, 0
47, 0.457, 0.31126, 0
48, 0.457, 0.31577, 0
49, 0.457, 0.32393, 0
50, 0.457, 0.27543, 0
51, 0.457, 0.26081, 0
52, 0.457, 0.22869, 0
53, 0.457, 0.22752, 0
54, 0.457, 0.25752, 0
55, 0.457, 0.26693, 0
56, 0.457, 0.23361, 0
57, 0.458, 0.29128, 0
58, 0.458, 0.2661, 0
59, 0.458, 0.27364, 0
60, 0.458, 0.27858, 0
61, 0.458, 0.2544, 0
62, 0.458, 0.23089, 0
63, 0.458, 0.23155, 0
64, 0.458, 0.26179, 0
65, 0.458, 0.27024, 0
66, 0.458, 0.32147, 0
67, 0.458, 0.38272, 0
68, 0.459, 0.35616, 0
69, 0.459, 0.32656, 0
70, 0.459, 0.29016, 0
71, 0.459, 0.24321, 0
72, 0.459, 0.2993, 0
73, 0.459, 0.23574, 0
74, 0.459, 0.25393, 0
75, 0.459, 0.24441, 0
76, 0.459, 0.26866, 0
77, 0.459, 0.26738, 0
78, 0.459, 0.31753, 0
79, 0.459, 0.33123, 0
80, 0.459, 0.33287, 0
81, 0.459, 0.29949, 0
82, 0.459, 0.293, 0
83, 0.459, 0.30958, 0
84, 0.459, 0.3575, 0
85, 0.459, 0.41002, 0
86, 0.459, 0.42261, 0
87, 0.459, 0.40474, 0
88, 0.459, 0.41269, 0
89, 0.459, 0.44445, 0.019
90, 0.459, 0.43326, 0
91, 0.459, 0.42907, 0
92, 0.459, 0.44506, 0
93, 0.459, 0.45149, 0.437
94, 0.459, 0.4526, 0.437
95, 0.459, 0.45087, 0.42
96, 0.459, 0.45205, 0.437
97, 0.459, 0.45151, 0.437
98, 0.459, 0.45341, 0.437
99, 0.459, 0.45403, 0.437
