{"verbose":false,"generations":20,"population":200,"mutation":0.2,"crossover":0.8,"tournament_size":50,"data_size":18000}
Best, Average, Worst
0, 0.41433333333333333, 0.33221972222222224, 0.2757777777777778
1, 0.41433333333333333, 0.33344944444444446, 0.2791111111111111
2, 0.41433333333333333, 0.3326725, 0.2596111111111111
3, 0.41433333333333333, 0.3328905555555556, 0.24877777777777776
4, 0.41433333333333333, 0.33306583333333334, 0.2807777777777778
5, 0.41433333333333333, 0.333545, 0.2638888888888889
6, 0.41433333333333333, 0.33676972222222223, 0.3
7, 0.41433333333333333, 0.33615527777777776, 0.29994444444444446
8, 0.41433333333333333, 0.33525194444444445, 0.24594444444444444
9, 0.41433333333333333, 0.33560833333333334, 0.28838888888888886
10, 0.41433333333333333, 0.33573694444444446, 0.24594444444444444
11, 0.41433333333333333, 0.33634833333333336, 0.2832777777777778
12, 0.41433333333333333, 0.33553305555555557, 0.26266666666666666
13, 0.41433333333333333, 0.3354769444444444, 0.2605
14, 0.41433333333333333, 0.33715805555555556, 0.3153888888888889
15, 0.41433333333333333, 0.34193083333333335, 0.31833333333333336
16, 0.41433333333333333, 0.34243305555555553, 0.30533333333333335
17, 0.41433333333333333, 0.34212055555555554, 0.3061111111111111
18, 0.41433333333333333, 0.3433308333333333, 0.32772222222222225
19, 0.41433333333333333, 0.3434825, 0.2881111111111111
