{"verbose":false,"generations":20,"population":200,"mutation":0.2,"crossover":0.8,"tournament_size":50,"data_size":18000}
Best, Average, Worst
0, 0.41833333333333333, 0.3333213888888889, 0.2615
1, 0.41833333333333333, 0.3304813888888889, 0.2437777777777778
2, 0.41833333333333333, 0.3316211111111111, 0.2431111111111111
3, 0.41833333333333333, 0.3336897222222222, 0.2677222222222222
4, 0.41833333333333333, 0.33438944444444446, 0.30244444444444446
5, 0.41833333333333333, 0.33412055555555553, 0.29677777777777775
6, 0.41833333333333333, 0.33381444444444447, 0.3051111111111111
7, 0.41833333333333333, 0.33224611111111113, 0.2956111111111111
8, 0.41833333333333333, 0.3338347222222222, 0.30038888888888887
9, 0.41833333333333333, 0.3329708333333333, 0.3045555555555556
10, 0.41833333333333333, 0.33287555555555554, 0.2955
11, 0.41833333333333333, 0.33312916666666664, 0.2778888888888889
12, 0.41833333333333333, 0.33346583333333335, 0.30933333333333335
13, 0.41833333333333333, 0.33355444444444443, 0.31622222222222224
14, 0.41833333333333333, 0.33357305555555555, 0.3065555555555556
15, 0.41833333333333333, 0.3342102777777778, 0.3113888888888889
16, 0.41833333333333333, 0.3351625, 0.3259444444444444
17, 0.41833333333333333, 0.335525, 0.3288888888888889
18, 0.41833333333333333, 0.3360811111111111, 0.33261111111111114
19, 0.41833333333333333, 0.33475805555555554, 0.32766666666666666
