{"verbose":false,"generations":20,"population":200,"mutation":0.2,"crossover":0.8,"tournament_size":50,"data_size":18000}
Best, Average, Worst
0, 0.42494444444444446, 0.3385347222222222, 0.2618333333333333
1, 0.43122222222222223, 0.3400725, 0.2597777777777778
2, 0.43122222222222223, 0.34286, 0.2597777777777778
3, 0.43122222222222223, 0.34184472222222223, 0.2718333333333333
4, 0.43122222222222223, 0.3464386111111111, 0.25372222222222224
5, 0.43122222222222223, 0.3502125, 0.26172222222222224
6, 0.43122222222222223, 0.3559, 0.2971666666666667
7, 0.43122222222222223, 0.3568911111111111, 0.32605555555555554
8, 0.43377777777777776, 0.3644397222222222, 0.3247777777777778
9, 0.43527777777777776, 0.3605230555555556, 0.33094444444444443
10, 0.43527777777777776, 0.35902333333333336, 0.3327222222222222
11, 0.44427777777777777, 0.3484566666666667, 0.3332777777777778
12, 0.44427777777777777, 0.3408188888888889, 0.3328888888888889
13, 0.44427777777777777, 0.3416869444444444, 0.3332777777777778
14, 0.44427777777777777, 0.3352236111111111, 0.3332222222222222
15, 0.44427777777777777, 0.33433833333333335, 0.3328888888888889
16, 0.44427777777777777, 0.33409194444444446, 0.3328888888888889
17, 0.44427777777777777, 0.3338713888888889, 0.3328888888888889
18, 0.44427777777777777, 0.3338825, 0.3332777777777778
19, 0.44427777777777777, 0.33387555555555554, 0.3332777777777778
