{"verbose":false,"generations":20,"population":200,"mutation":0.2,"crossover":0.8,"tournament_size":50,"data_size":18000}
Best, Average, Worst
0, 0.43422222222222223, 0.33565972222222223, 0.28455555555555556
1, 0.43422222222222223, 0.3356497222222222, 0.28705555555555556
2, 0.43772222222222223, 0.3404513888888889, 0.2955
3, 0.43772222222222223, 0.3441988888888889, 0.2806111111111111
4, 0.44327777777777777, 0.34507444444444446, 0.26472222222222225
5, 0.44327777777777777, 0.3484288888888889, 0.29794444444444446
6, 0.44327777777777777, 0.3467988888888889, 0.2803333333333333
7, 0.44327777777777777, 0.3461736111111111, 0.3065555555555556
8, 0.44327777777777777, 0.3444316666666667, 0.31877777777777777
9, 0.44327777777777777, 0.33718777777777775, 0.33305555555555555
10, 0.44327777777777777, 0.33592805555555555, 0.3332777777777778
11, 0.44327777777777777, 0.3353097222222222, 0.3332777777777778
12, 0.44327777777777777, 0.3342611111111111, 0.3332777777777778
13, 0.44327777777777777, 0.3343008333333333, 0.3332777777777778
14, 0.44327777777777777, 0.33403638888888887, 0.3332777777777778
15, 0.44327777777777777, 0.33384583333333334, 0.3332777777777778
16, 0.44327777777777777, 0.3339561111111111, 0.3332777777777778
17, 0.44327777777777777, 0.33462583333333334, 0.33316666666666667
18, 0.44327777777777777, 0.33552055555555554, 0.3332777777777778
19, 0.44327777777777777, 0.33407444444444445, 0.3332777777777778
