{"verbose":false,"generations":20,"population":200,"mutation":0.2,"crossover":0.8,"tournament_size":50,"data_size":18000}
Best, Average, Worst
0, 0.39966666666666667, 0.33138388888888887, 0.2525
1, 0.39966666666666667, 0.33368805555555553, 0.2508888888888889
2, 0.4045, 0.33353305555555557, 0.2823888888888889
3, 0.4045, 0.33185944444444443, 0.24244444444444443
4, 0.4262222222222222, 0.3344122222222222, 0.2817777777777778
5, 0.4262222222222222, 0.3335272222222222, 0.2748333333333333
6, 0.4262222222222222, 0.33201916666666664, 0.29588888888888887
7, 0.4262222222222222, 0.3328683333333333, 0.29627777777777775
8, 0.4262222222222222, 0.33290444444444445, 0.30277777777777776
9, 0.4262222222222222, 0.33371527777777776, 0.3165
10, 0.4262222222222222, 0.3337977777777778, 0.3333333333333333
11, 0.4262222222222222, 0.3337977777777778, 0.3333333333333333
12, 0.4262222222222222, 0.3337977777777778, 0.3333333333333333
13, 0.4262222222222222, 0.3337977777777778, 0.3333333333333333
14, 0.4262222222222222, 0.3338275, 0.3333333333333333
15, 0.4262222222222222, 0.33382666666666666, 0.3332777777777778
16, 0.4262222222222222, 0.3338052777777778, 0.3333333333333333
17, 0.4262222222222222, 0.3338611111111111, 0.3333333333333333
18, 0.4262222222222222, 0.3339286111111111, 0.3333333333333333
19, 0.4262222222222222, 0.3337977777777778, 0.3333333333333333
