{"verbose":false,"generations":20,"population":200,"mutation":0.2,"crossover":0.8,"tournament_size":50,"data_size":18000}
Best, Average, Worst
0, 0.4112222222222222, 0.334785, 0.25983333333333336
1, 0.41233333333333333, 0.33747472222222225, 0.274
2, 0.4236666666666667, 0.33878444444444444, 0.2931666666666667
3, 0.4236666666666667, 0.3400783333333333, 0.26966666666666667
4, 0.427, 0.34131083333333334, 0.31633333333333336
5, 0.4277222222222222, 0.3430722222222222, 0.3216111111111111
6, 0.4277222222222222, 0.34712805555555554, 0.3258888888888889
7, 0.4277222222222222, 0.3471038888888889, 0.2878888888888889
8, 0.4277222222222222, 0.3471038888888889, 0.2885
9, 0.42944444444444446, 0.3475816666666667, 0.2513888888888889
10, 0.43122222222222223, 0.35804055555555553, 0.27294444444444443
11, 0.43122222222222223, 0.36624277777777775, 0.2717777777777778
12, 0.43122222222222223, 0.3601575, 0.274
13, 0.43122222222222223, 0.3638997222222222, 0.2742777777777778
14, 0.43122222222222223, 0.3675041666666667, 0.2582777777777778
15, 0.43122222222222223, 0.3735583333333333, 0.2937777777777778
16, 0.43122222222222223, 0.37482305555555556, 0.2635
17, 0.43122222222222223, 0.3739822222222222, 0.2828888888888889
18, 0.43122222222222223, 0.3736922222222222, 0.2773333333333333
19, 0.43122222222222223, 0.3729511111111111, 0.28305555555555556
