{"verbose":false,"generations":20,"population":200,"mutation":0.2,"crossover":0.8,"tournament_size":50,"data_size":18000}
Best, Average, Worst
0, 0.4197222222222222, 0.3325822222222222, 0.27644444444444444
1, 0.4197222222222222, 0.33074722222222225, 0.2607777777777778
2, 0.4285555555555556, 0.3294225, 0.26311111111111113
3, 0.43377777777777776, 0.3298038888888889, 0.2541111111111111
4, 0.43744444444444447, 0.34153222222222224, 0.2763333333333333
5, 0.43744444444444447, 0.3401266666666667, 0.2942222222222222
6, 0.43744444444444447, 0.3473311111111111, 0.298
7, 0.43744444444444447, 0.3497777777777778, 0.3025
8, 0.43744444444444447, 0.36166611111111113, 0.2901111111111111
9, 0.43744444444444447, 0.3718797222222222, 0.2842222222222222
10, 0.43744444444444447, 0.3806102777777778, 0.3015555555555556
11, 0.43744444444444447, 0.38389555555555555, 0.33161111111111113
12, 0.43744444444444447, 0.38959805555555554, 0.3322222222222222
13, 0.43744444444444447, 0.38032194444444445, 0.3327777777777778
14, 0.43744444444444447, 0.3752886111111111, 0.3327222222222222
15, 0.43744444444444447, 0.3729266666666667, 0.33216666666666667
16, 0.43744444444444447, 0.37716527777777775, 0.3318333333333333
17, 0.43872222222222224, 0.39237666666666665, 0.33294444444444443
18, 0.43872222222222224, 0.3951838888888889, 0.33405555555555555
19, 0.43872222222222224, 0.4036375, 0.36138888888888887
