{"verbose":false,"generations":20,"population":200,"mutation":0.2,"crossover":0.8,"tournament_size":50,"data_size":18000}
Best, Average, Worst
0, 0.4101111111111111, 0.33469944444444444, 0.2556111111111111
1, 0.4101111111111111, 0.33479888888888887, 0.26616666666666666
2, 0.4261111111111111, 0.3376277777777778, 0.2802222222222222
3, 0.4325, 0.33560833333333334, 0.25355555555555553
4, 0.4325, 0.33310083333333335, 0.29627777777777775
5, 0.4325, 0.33910527777777777, 0.27144444444444443
6, 0.4747777777777778, 0.33766666666666667, 0.3086111111111111
7, 0.475, 0.33917722222222224, 0.31355555555555553
8, 0.475, 0.3383541666666667, 0.31394444444444447
9, 0.47555555555555556, 0.34363055555555555, 0.31394444444444447
10, 0.47555555555555556, 0.3410236111111111, 0.314
11, 0.47555555555555556, 0.3457175, 0.31394444444444447
12, 0.47555555555555556, 0.35714555555555555, 0.31444444444444447
13, 0.47555555555555556, 0.36108944444444446, 0.31472222222222224
14, 0.47555555555555556, 0.36018, 0.3151111111111111
15, 0.47555555555555556, 0.3683725, 0.31772222222222224
16, 0.47555555555555556, 0.36385416666666665, 0.3231111111111111
17, 0.47555555555555556, 0.3612602777777778, 0.3333333333333333
18, 0.47555555555555556, 0.3609205555555556, 0.3323333333333333
19, 0.47555555555555556, 0.3528172222222222, 0.3333333333333333
