{"verbose":false,"generations":20,"population":200,"mutation":0.2,"crossover":0.8,"tournament_size":50,"data_size":18000}
Best, Average, Worst
0, 0.39661111111111114, 0.3345516666666667, 0.27494444444444444
1, 0.39661111111111114, 0.3317861111111111, 0.25533333333333336
2, 0.39661111111111114, 0.3321208333333333, 0.26705555555555555
3, 0.39661111111111114, 0.3317311111111111, 0.2771666666666667
4, 0.39661111111111114, 0.3316375, 0.29
5, 0.39661111111111114, 0.3315988888888889, 0.2881666666666667
6, 0.39661111111111114, 0.3296502777777778, 0.2772777777777778
7, 0.39661111111111114, 0.3321861111111111, 0.2831111111111111
8, 0.39661111111111114, 0.33123722222222224, 0.2837777777777778
9, 0.39661111111111114, 0.33212305555555555, 0.30483333333333335
10, 0.39661111111111114, 0.3364597222222222, 0.29927777777777775
11, 0.39661111111111114, 0.3368277777777778, 0.3083888888888889
12, 0.39661111111111114, 0.33860805555555556, 0.3181111111111111
13, 0.39661111111111114, 0.339545, 0.32766666666666666
14, 0.39661111111111114, 0.34017138888888887, 0.32666666666666666
15, 0.39661111111111114, 0.34040444444444445, 0.331
16, 0.39661111111111114, 0.3376297222222222, 0.32861111111111113
17, 0.39661111111111114, 0.33993222222222225, 0.3303888888888889
18, 0.39661111111111114, 0.3386161111111111, 0.3242777777777778
19, 0.39661111111111114, 0.343795, 0.3252777777777778
