{"verbose":false,"generations":20,"population":200,"mutation":0.2,"crossover":0.8,"tournament_size":50,"data_size":18000}
Best, Average, Worst
0, 0.39744444444444443, 0.3320288888888889, 0.27011111111111114
1, 0.4035, 0.33392055555555555, 0.2613333333333333
2, 0.4113888888888889, 0.3351836111111111, 0.2772777777777778
3, 0.4261666666666667, 0.33612444444444445, 0.3021111111111111
4, 0.4265555555555556, 0.3384688888888889, 0.30944444444444447
5, 0.4265555555555556, 0.3427705555555556, 0.2768888888888889
6, 0.42777777777777776, 0.34493305555555553, 0.32722222222222225
7, 0.4375, 0.35509722222222223, 0.33255555555555555
8, 0.4375, 0.3572397222222222, 0.33311111111111114
9, 0.4375, 0.35804722222222224, 0.33261111111111114
10, 0.4375, 0.3653502777777778, 0.33316666666666667
11, 0.4375, 0.3743752777777778, 0.33316666666666667
12, 0.4375, 0.38337194444444445, 0.33316666666666667
13, 0.4375, 0.39012277777777776, 0.33316666666666667
14, 0.4375, 0.4013891666666667, 0.33316666666666667
15, 0.4375, 0.40791055555555555, 0.33344444444444443
16, 0.4375, 0.4210316666666667, 0.3417777777777778
17, 0.4375, 0.42419972222222224, 0.37172222222222223
18, 0.4375, 0.4253411111111111, 0.3823888888888889
19, 0.4375, 0.4262694444444444, 0.425
