{"verbose":false,"generations":20,"population":200,"mutation":0.2,"crossover":0.8,"tournament_size":50,"data_size":18000}
Best, Average, Worst
0, 0.42338888888888887, 0.3373408333333333, 0.2817222222222222
1, 0.4310555555555556, 0.33708166666666667, 0.2752222222222222
2, 0.4310555555555556, 0.33967277777777777, 0.2772222222222222
3, 0.4310555555555556, 0.3414244444444444, 0.31333333333333335
4, 0.4310555555555556, 0.3426413888888889, 0.30683333333333335
5, 0.4310555555555556, 0.34957555555555553, 0.29833333333333334
6, 0.43233333333333335, 0.3534744444444444, 0.3048888888888889
7, 0.43233333333333335, 0.3492147222222222, 0.31294444444444447
8, 0.43233333333333335, 0.34324777777777776, 0.3199444444444444
9, 0.43233333333333335, 0.3495488888888889, 0.32655555555555554
10, 0.43233333333333335, 0.3428025, 0.32255555555555554
11, 0.43233333333333335, 0.3428572222222222, 0.31877777777777777
12, 0.43233333333333335, 0.34403666666666666, 0.31877777777777777
13, 0.43233333333333335, 0.33839916666666664, 0.30827777777777776
14, 0.43233333333333335, 0.3344525, 0.3060555555555556
15, 0.43233333333333335, 0.33460555555555554, 0.29088888888888886
16, 0.43233333333333335, 0.3367925, 0.3328333333333333
17, 0.43233333333333335, 0.3419088888888889, 0.3333333333333333
18, 0.43233333333333335, 0.34287944444444446, 0.31394444444444447
19, 0.43233333333333335, 0.33843222222222225, 0.28355555555555556
