{"verbose":false,"generations":20,"population":200,"mutation":0.2,"crossover":0.8,"tournament_size":50,"data_size":18000}
Best, Average, Worst
0, 0.40205555555555555, 0.3338825, 0.2403888888888889
1, 0.4047777777777778, 0.3362875, 0.2768333333333333
2, 0.4128888888888889, 0.33781083333333334, 0.2856111111111111
3, 0.42133333333333334, 0.3386438888888889, 0.278
4, 0.42133333333333334, 0.34097555555555553, 0.2996666666666667
5, 0.42133333333333334, 0.3448561111111111, 0.2995
6, 0.42133333333333334, 0.3446516666666667, 0.3282777777777778
7, 0.42133333333333334, 0.33703527777777775, 0.328
8, 0.42133333333333334, 0.3363961111111111, 0.328
9, 0.42133333333333334, 0.3347063888888889, 0.328
10, 0.42133333333333334, 0.3362127777777778, 0.3287777777777778
11, 0.42133333333333334, 0.3361402777777778, 0.3287777777777778
12, 0.42133333333333334, 0.33890027777777776, 0.3287777777777778
13, 0.42133333333333334, 0.3408936111111111, 0.3287777777777778
14, 0.42133333333333334, 0.33873583333333335, 0.33305555555555555
15, 0.42133333333333334, 0.3375461111111111, 0.33266666666666667
16, 0.42133333333333334, 0.33768166666666666, 0.333
17, 0.42133333333333334, 0.33985611111111114, 0.33305555555555555
18, 0.42133333333333334, 0.3353113888888889, 0.3333333333333333
19, 0.42133333333333334, 0.3382675, 0.33305555555555555
