{"verbose":false,"generations":20,"population":200,"mutation":0.2,"crossover":0.8,"tournament_size":50,"data_size":18000}
Best, Average, Worst
0, 0.39844444444444443, 0.3335591666666667, 0.277
1, 0.39844444444444443, 0.33510805555555556, 0.2788888888888889
2, 0.42388888888888887, 0.33348777777777777, 0.27244444444444443
3, 0.42388888888888887, 0.33413333333333334, 0.2725
4, 0.4282222222222222, 0.33793527777777776, 0.28644444444444445
5, 0.4282222222222222, 0.33596444444444445, 0.2737222222222222
6, 0.4282222222222222, 0.33456416666666666, 0.30294444444444446
7, 0.4282222222222222, 0.33792, 0.2981111111111111
8, 0.4282222222222222, 0.34151333333333334, 0.29294444444444445
9, 0.4282222222222222, 0.34204944444444446, 0.327
10, 0.42983333333333335, 0.34212805555555553, 0.32811111111111113
11, 0.42983333333333335, 0.3424552777777778, 0.3285
12, 0.42983333333333335, 0.3397822222222222, 0.3283333333333333
13, 0.42983333333333335, 0.34036833333333333, 0.33
14, 0.42983333333333335, 0.342455, 0.3322222222222222
15, 0.42983333333333335, 0.3488488888888889, 0.33294444444444443
16, 0.42983333333333335, 0.3529261111111111, 0.3332777777777778
17, 0.42983333333333335, 0.3551927777777778, 0.32922222222222225
18, 0.42983333333333335, 0.3572605555555556, 0.3332777777777778
19, 0.42983333333333335, 0.35155138888888887, 0.3332777777777778
