{"verbose":false,"generations":20,"population":200,"mutation":0.2,"crossover":0.8,"tournament_size":50,"data_size":18000}
Best, Average, Worst
0, 0.444, 0.3321044444444444, 0.2712222222222222
1, 0.444, 0.3371102777777778, 0.2622777777777778
2, 0.444, 0.33286777777777776, 0.24794444444444444
3, 0.444, 0.3311375, 0.24927777777777776
4, 0.44466666666666665, 0.33597333333333335, 0.24938888888888888
5, 0.44466666666666665, 0.33868333333333334, 0.24877777777777776
6, 0.44466666666666665, 0.3376441666666667, 0.29533333333333334
7, 0.44466666666666665, 0.3423825, 0.33261111111111114
8, 0.44466666666666665, 0.3386261111111111, 0.33316666666666667
9, 0.44466666666666665, 0.3369327777777778, 0.29533333333333334
10, 0.44466666666666665, 0.33901027777777776, 0.3333333333333333
11, 0.44466666666666665, 0.3379491666666667, 0.3333333333333333
12, 0.44466666666666665, 0.3383791666666667, 0.3333333333333333
13, 0.44466666666666665, 0.3374436111111111, 0.313
14, 0.44466666666666665, 0.3395413888888889, 0.3333333333333333
15, 0.44466666666666665, 0.3394580555555556, 0.3333333333333333
16, 0.44466666666666665, 0.3422647222222222, 0.3332777777777778
17, 0.44466666666666665, 0.34567472222222223, 0.3333333333333333
18, 0.44466666666666665, 0.3419725, 0.3333333333333333
19, 0.44466666666666665, 0.3424638888888889, 0.3333333333333333
