{"verbose":false,"generations":20,"population":200,"mutation":0.2,"crossover":0.8,"tournament_size":50,"data_size":18000}
Best, Average, Worst
0, 0.3952777777777778, 0.33052916666666665, 0.24588888888888888
1, 0.4101666666666667, 0.3322366666666667, 0.2677777777777778
2, 0.41633333333333333, 0.3360194444444444, 0.27005555555555555
3, 0.41633333333333333, 0.3340463888888889, 0.24205555555555555
4, 0.44166666666666665, 0.33955277777777776, 0.26805555555555555
5, 0.44166666666666665, 0.34322166666666665, 0.29883333333333334
6, 0.44166666666666665, 0.3422811111111111, 0.26405555555555554
7, 0.44166666666666665, 0.3448380555555556, 0.2971111111111111
8, 0.44166666666666665, 0.34261916666666664, 0.28838888888888886
9, 0.44166666666666665, 0.34084694444444447, 0.29144444444444445
10, 0.44166666666666665, 0.3352747222222222, 0.29333333333333333
11, 0.44166666666666665, 0.3333836111111111, 0.2915
12, 0.44166666666666665, 0.33771944444444446, 0.2932222222222222
13, 0.44166666666666665, 0.34322055555555553, 0.29533333333333334
14, 0.44166666666666665, 0.33664361111111113, 0.29738888888888887
15, 0.44166666666666665, 0.3391852777777778, 0.29977777777777775
16, 0.44166666666666665, 0.33744444444444444, 0.29977777777777775
17, 0.44166666666666665, 0.3401072222222222, 0.30044444444444446
18, 0.44166666666666665, 0.3373261111111111, 0.29977777777777775
19, 0.44166666666666665, 0.34173416666666667, 0.309
