{"verbose":false,"generations":20,"population":200,"mutation":0.2,"crossover":0.8,"tournament_size":50,"data_size":18000}
Best, Average, Worst
0, 0.4012777777777778, 0.3304625, 0.2771111111111111
1, 0.4111666666666667, 0.33118555555555557, 0.2513888888888889
2, 0.4111666666666667, 0.32916388888888887, 0.26605555555555555
3, 0.4111666666666667, 0.3313277777777778, 0.2817777777777778
4, 0.4111666666666667, 0.32999972222222224, 0.25972222222222224
5, 0.4111666666666667, 0.33380055555555554, 0.29577777777777775
6, 0.4111666666666667, 0.33636444444444447, 0.2876111111111111
7, 0.41488888888888886, 0.3417866666666667, 0.2882777777777778
8, 0.41488888888888886, 0.34419055555555556, 0.2887777777777778
9, 0.41488888888888886, 0.3514144444444444, 0.303
10, 0.41488888888888886, 0.3555636111111111, 0.30777777777777776
11, 0.41488888888888886, 0.3478894444444444, 0.3332222222222222
12, 0.41488888888888886, 0.3474302777777778, 0.3332222222222222
13, 0.41488888888888886, 0.34216444444444444, 0.3332777777777778
14, 0.41488888888888886, 0.3444747222222222, 0.3333333333333333
15, 0.41488888888888886, 0.34766833333333336, 0.3332222222222222
16, 0.41488888888888886, 0.3424697222222222, 0.3333333333333333
17, 0.41488888888888886, 0.3421063888888889, 0.3333333333333333
18, 0.41488888888888886, 0.3435561111111111, 0.3333333333333333
19, 0.41488888888888886, 0.3387219444444444, 0.3333333333333333
