{"verbose":false,"generations":20,"population":200,"mutation":0.2,"crossover":0.8,"tournament_size":50,"data_size":18000}
Best, Average, Worst
0, 0.3917777777777778, 0.3328402777777778, 0.24372222222222223
1, 0.4042777777777778, 0.33597027777777777, 0.30566666666666664
2, 0.40844444444444444, 0.33749444444444443, 0.2876111111111111
3, 0.4087222222222222, 0.3358422222222222, 0.294
4, 0.4087222222222222, 0.3358872222222222, 0.3263888888888889
5, 0.40894444444444444, 0.33882194444444447, 0.32222222222222224
6, 0.40894444444444444, 0.33703222222222223, 0.30544444444444446
7, 0.40894444444444444, 0.3354813888888889, 0.3234444444444444
8, 0.40894444444444444, 0.3350238888888889, 0.29894444444444446
9, 0.40894444444444444, 0.33553694444444443, 0.30233333333333334
10, 0.40894444444444444, 0.335465, 0.33294444444444443
11, 0.40894444444444444, 0.3367852777777778, 0.333
12, 0.41533333333333333, 0.3373388888888889, 0.32905555555555555
13, 0.41533333333333333, 0.3367786111111111, 0.33311111111111114
14, 0.41533333333333333, 0.33630194444444445, 0.31622222222222224
15, 0.41533333333333333, 0.33624, 0.3332777777777778
16, 0.41533333333333333, 0.33452166666666666, 0.322
17, 0.41533333333333333, 0.33476055555555556, 0.3328333333333333
18, 0.41533333333333333, 0.3351047222222222, 0.3298333333333333
19, 0.41533333333333333, 0.33496805555555553, 0.32994444444444443
