{"verbose":false,"generations":20,"population":200,"mutation":0.2,"crossover":0.8,"tournament_size":50,"data_size":18000}
Best, Average, Worst
0, 0.4015, 0.3333288888888889, 0.26755555555555555
1, 0.4015, 0.33411805555555557, 0.269
2, 0.4015, 0.3321263888888889, 0.2818888888888889
3, 0.4015, 0.33183416666666665, 0.27016666666666667
4, 0.4015, 0.3321675, 0.27205555555555555
5, 0.4015, 0.3347219444444444, 0.2941666666666667
6, 0.4015, 0.3360722222222222, 0.2986111111111111
7, 0.4015, 0.33569583333333336, 0.2808333333333333
8, 0.4015, 0.33618583333333335, 0.29044444444444445
9, 0.4015, 0.33676833333333334, 0.30644444444444446
10, 0.4015, 0.3397575, 0.30722222222222223
11, 0.4015, 0.33947083333333333, 0.3098888888888889
12, 0.4015, 0.33542916666666667, 0.3098888888888889
13, 0.4015, 0.33375027777777777, 0.31266666666666665
14, 0.4015, 0.33379166666666665, 0.31372222222222224
15, 0.4015, 0.33700083333333336, 0.316
16, 0.4015, 0.3378072222222222, 0.31872222222222224
17, 0.4015, 0.3398638888888889, 0.3189444444444444
18, 0.4015, 0.34396638888888886, 0.31883333333333336
19, 0.4015, 0.34278166666666665, 0.31883333333333336
