{"verbose":false,"generations":20,"population":200,"mutation":0.2,"crossover":0.8,"tournament_size":50,"data_size":18000}
Best, Average, Worst
0, 0.3899444444444444, 0.3324077777777778, 0.28055555555555556
1, 0.4126111111111111, 0.33173833333333336, 0.26322222222222225
2, 0.4126111111111111, 0.3324052777777778, 0.2461111111111111
3, 0.4126111111111111, 0.33107333333333333, 0.27744444444444444
4, 0.4126111111111111, 0.3365022222222222, 0.28844444444444445
5, 0.4126111111111111, 0.3391588888888889, 0.2916111111111111
6, 0.4242222222222222, 0.3418263888888889, 0.30672222222222223
7, 0.4242222222222222, 0.3449052777777778, 0.26766666666666666
8, 0.4272222222222222, 0.34111416666666666, 0.31072222222222223
9, 0.4272222222222222, 0.3424597222222222, 0.2858888888888889
10, 0.4272222222222222, 0.3442544444444444, 0.32561111111111113
11, 0.4272222222222222, 0.3463938888888889, 0.32233333333333336
12, 0.4272222222222222, 0.3482161111111111, 0.3328888888888889
13, 0.4272222222222222, 0.3463111111111111, 0.3323888888888889
14, 0.4272222222222222, 0.34210583333333333, 0.33261111111111114
15, 0.42777777777777776, 0.3360883333333333, 0.33294444444444443
16, 0.42777777777777776, 0.33434277777777777, 0.33305555555555555
17, 0.42777777777777776, 0.3339958333333333, 0.33294444444444443
18, 0.42777777777777776, 0.3342088888888889, 0.3333333333333333
19, 0.42777777777777776, 0.3342375, 0.3333333333333333
