{"verbose":false,"generations":20,"population":200,"mutation":0.2,"crossover":0.8,"tournament_size":50,"data_size":18000}
Best, Average, Worst
0, 0.42344444444444446, 0.33314083333333333, 0.2747777777777778
1, 0.42344444444444446, 0.33320944444444445, 0.2722222222222222
2, 0.42344444444444446, 0.33153444444444446, 0.23883333333333334
3, 0.42344444444444446, 0.33589694444444446, 0.25122222222222224
4, 0.42488888888888887, 0.33559694444444443, 0.25405555555555553
5, 0.42488888888888887, 0.3356236111111111, 0.2596111111111111
6, 0.42488888888888887, 0.33491944444444444, 0.29038888888888886
7, 0.42488888888888887, 0.33299416666666665, 0.24433333333333335
8, 0.42488888888888887, 0.333555, 0.29188888888888886
9, 0.42488888888888887, 0.33619166666666667, 0.25683333333333336
10, 0.42488888888888887, 0.33527111111111113, 0.2986666666666667
11, 0.42488888888888887, 0.33555111111111113, 0.3148888888888889
12, 0.42488888888888887, 0.3357913888888889, 0.3181111111111111
13, 0.42488888888888887, 0.3333313888888889, 0.3073888888888889
14, 0.42488888888888887, 0.33544111111111113, 0.3076111111111111
15, 0.42488888888888887, 0.3335975, 0.32455555555555554
16, 0.42488888888888887, 0.33443388888888886, 0.32083333333333336
17, 0.42488888888888887, 0.3351363888888889, 0.29944444444444446
18, 0.42488888888888887, 0.33713027777777776, 0.3131111111111111
19, 0.42488888888888887, 0.33925944444444445, 0.3088888888888889
