{"verbose":false,"generations":20,"population":200,"mutation":0.2,"crossover":0.8,"tournament_size":50,"data_size":18000}
Best, Average, Worst
0, 0.4403888888888889, 0.33672722222222223, 0.2758888888888889
1, 0.4403888888888889, 0.3374491666666667, 0.2863888888888889
2, 0.4403888888888889, 0.34095166666666665, 0.2855
3, 0.44455555555555554, 0.3428863888888889, 0.28733333333333333
4, 0.4456111111111111, 0.3441766666666667, 0.2826666666666667
5, 0.4456111111111111, 0.3420991666666667, 0.2797777777777778
6, 0.4456111111111111, 0.3418427777777778, 0.3215
7, 0.4456111111111111, 0.3409466666666667, 0.31222222222222223
8, 0.446, 0.3399963888888889, 0.3308333333333333
9, 0.446, 0.3457322222222222, 0.3285
10, 0.446, 0.3495261111111111, 0.32611111111111113
11, 0.44605555555555554, 0.3460375, 0.3224444444444444
12, 0.44605555555555554, 0.3443630555555556, 0.32994444444444443
13, 0.44605555555555554, 0.34252333333333335, 0.33161111111111113
14, 0.4469444444444444, 0.3382877777777778, 0.3333333333333333
15, 0.4469444444444444, 0.3365502777777778, 0.3333333333333333
16, 0.4469444444444444, 0.3369311111111111, 0.3332222222222222
17, 0.4469444444444444, 0.33553527777777775, 0.3332222222222222
18, 0.4469444444444444, 0.3351775, 0.3333333333333333
19, 0.4469444444444444, 0.33522, 0.3333333333333333
