{"verbose":false,"generations":20,"population":200,"mutation":0.2,"crossover":0.8,"tournament_size":50,"data_size":18000}
Best, Average, Worst
0, 0.41244444444444445, 0.3306486111111111, 0.2608888888888889
1, 0.41244444444444445, 0.3374330555555556, 0.2778333333333333
2, 0.42483333333333334, 0.33228694444444445, 0.2727222222222222
3, 0.42483333333333334, 0.33399305555555553, 0.2766111111111111
4, 0.4301111111111111, 0.3349858333333333, 0.2663888888888889
5, 0.4667222222222222, 0.3378908333333333, 0.26866666666666666
6, 0.4667222222222222, 0.33480805555555554, 0.2807777777777778
7, 0.4667222222222222, 0.3360111111111111, 0.2897777777777778
8, 0.4667222222222222, 0.3283363888888889, 0.2917777777777778
9, 0.4667222222222222, 0.3274316666666667, 0.2971666666666667
10, 0.4667222222222222, 0.3483852777777778, 0.298
11, 0.4667222222222222, 0.33354416666666664, 0.2981111111111111
12, 0.4667222222222222, 0.33513444444444446, 0.2975
13, 0.4667222222222222, 0.33961833333333336, 0.29594444444444445
14, 0.4667222222222222, 0.3404875, 0.31533333333333335
15, 0.4667222222222222, 0.3394063888888889, 0.31916666666666665
16, 0.4667222222222222, 0.3396591666666667, 0.32894444444444443
17, 0.4667222222222222, 0.33667833333333336, 0.33216666666666667
18, 0.4667222222222222, 0.3363541666666667, 0.3328888888888889
19, 0.4667222222222222, 0.3410752777777778, 0.3328888888888889
