{"verbose":false,"generations":20,"population":200,"mutation":0.2,"crossover":0.8,"tournament_size":50,"data_size":18000}
Best, Average, Worst
0, 0.4017777777777778, 0.33431666666666665, 0.2847777777777778
1, 0.4256666666666667, 0.3346375, 0.27805555555555556
2, 0.4256666666666667, 0.33447777777777776, 0.2757222222222222
3, 0.4316111111111111, 0.33583861111111113, 0.27544444444444444
4, 0.4316111111111111, 0.33224472222222223, 0.27494444444444444
5, 0.4316111111111111, 0.33316194444444447, 0.2825
6, 0.4316111111111111, 0.33547, 0.2942222222222222
7, 0.4316111111111111, 0.3386958333333333, 0.31422222222222224
8, 0.4316111111111111, 0.3370052777777778, 0.31466666666666665
9, 0.4316111111111111, 0.33607472222222223, 0.32183333333333336
10, 0.4316111111111111, 0.3340688888888889, 0.3332777777777778
11, 0.4316111111111111, 0.3339344444444444, 0.3332777777777778
12, 0.4316111111111111, 0.33385916666666665, 0.3332777777777778
13, 0.4316111111111111, 0.33376944444444445, 0.3332777777777778
14, 0.4316111111111111, 0.33376944444444445, 0.3332777777777778
15, 0.4316111111111111, 0.33376944444444445, 0.3332777777777778
16, 0.4316111111111111, 0.33376944444444445, 0.3332777777777778
17, 0.4316111111111111, 0.33376944444444445, 0.3332777777777778
18, 0.4316111111111111, 0.33376944444444445, 0.3332777777777778
19, 0.4316111111111111, 0.33376944444444445, 0.3332777777777778
