{"verbose":false,"generations":20,"population":200,"mutation":0.2,"crossover":0.8,"tournament_size":50,"data_size":18000}
Best, Average, Worst
0, 0.3945, 0.3345666666666667, 0.26911111111111113
1, 0.39694444444444443, 0.3331822222222222, 0.24555555555555555
2, 0.39694444444444443, 0.33138972222222224, 0.27311111111111114
3, 0.39694444444444443, 0.3282202777777778, 0.2427777777777778
4, 0.39694444444444443, 0.32470777777777776, 0.2396111111111111
5, 0.39694444444444443, 0.32667861111111113, 0.244
6, 0.39694444444444443, 0.3279636111111111, 0.25955555555555554
7, 0.39694444444444443, 0.3297658333333333, 0.25027777777777777
8, 0.39694444444444443, 0.33221, 0.2772222222222222
9, 0.39694444444444443, 0.3328175, 0.301
10, 0.39694444444444443, 0.3312611111111111, 0.2947777777777778
11, 0.39694444444444443, 0.33282194444444446, 0.31
12, 0.39694444444444443, 0.33405194444444447, 0.31533333333333335
13, 0.39694444444444443, 0.3343988888888889, 0.31366666666666665
14, 0.39694444444444443, 0.3339783333333333, 0.30733333333333335
15, 0.39694444444444443, 0.33491944444444444, 0.31005555555555553
16, 0.39694444444444443, 0.33487, 0.32183333333333336
17, 0.39694444444444443, 0.3348833333333333, 0.3175
18, 0.39694444444444443, 0.3330088888888889, 0.3080555555555556
19, 0.39694444444444443, 0.3343138888888889, 0.31277777777777777
