{"verbose":false,"generations":20,"population":200,"mutation":0.2,"crossover":0.8,"tournament_size":50,"data_size":18000}
Best, Average, Worst
0, 0.4072222222222222, 0.33392666666666665, 0.26366666666666666
1, 0.4072222222222222, 0.3321988888888889, 0.272
2, 0.4072222222222222, 0.3312002777777778, 0.2728888888888889
3, 0.4126111111111111, 0.3329325, 0.2767777777777778
4, 0.4127222222222222, 0.33301027777777775, 0.2926666666666667
5, 0.4127222222222222, 0.33439583333333334, 0.2838333333333333
6, 0.4127222222222222, 0.3339288888888889, 0.30522222222222223
7, 0.4127222222222222, 0.334235, 0.3328333333333333
8, 0.4127222222222222, 0.3347175, 0.3333333333333333
9, 0.4127222222222222, 0.33538194444444447, 0.3333333333333333
10, 0.4127222222222222, 0.33496722222222225, 0.3333333333333333
11, 0.4127222222222222, 0.33519638888888886, 0.3333333333333333
12, 0.4127222222222222, 0.3350447222222222, 0.3333333333333333
13, 0.4127222222222222, 0.3346336111111111, 0.3333333333333333
14, 0.4127222222222222, 0.3351705555555556, 0.3333333333333333
15, 0.4127222222222222, 0.33409444444444447, 0.3333333333333333
16, 0.4127222222222222, 0.33410527777777776, 0.3333333333333333
17, 0.4127222222222222, 0.3341011111111111, 0.3333333333333333
18, 0.4127222222222222, 0.335235, 0.3333333333333333
19, 0.4127222222222222, 0.33485305555555556, 0.3333333333333333
