{"verbose":false,"generations":20,"population":200,"mutation":0.2,"crossover":0.8,"tournament_size":50,"data_size":18000}
Best, Average, Worst
0, 0.4027777777777778, 0.3347191666666667, 0.25572222222222224
1, 0.4027777777777778, 0.3353786111111111, 0.26572222222222225
2, 0.41544444444444445, 0.33779944444444443, 0.2906666666666667
3, 0.41544444444444445, 0.34014, 0.27505555555555555
4, 0.43083333333333335, 0.34518305555555556, 0.29944444444444446
5, 0.43083333333333335, 0.3468158333333333, 0.2852777777777778
6, 0.43083333333333335, 0.3485127777777778, 0.271
7, 0.43083333333333335, 0.3580225, 0.27344444444444443
8, 0.43083333333333335, 0.36480666666666667, 0.3325
9, 0.43083333333333335, 0.3653125, 0.3045555555555556
10, 0.43083333333333335, 0.37842166666666666, 0.27466666666666667
11, 0.43083333333333335, 0.37424277777777776, 0.30772222222222223
12, 0.43083333333333335, 0.37559194444444444, 0.3025555555555556
13, 0.43083333333333335, 0.37616083333333333, 0.3333333333333333
14, 0.43083333333333335, 0.37562666666666666, 0.33194444444444443
15, 0.43083333333333335, 0.3716277777777778, 0.3025555555555556
16, 0.43083333333333335, 0.36949777777777776, 0.33305555555555555
17, 0.4318888888888889, 0.3810102777777778, 0.3037222222222222
18, 0.4318888888888889, 0.3846847222222222, 0.3328333333333333
19, 0.4318888888888889, 0.38499694444444443, 0.3332777777777778
