{"verbose":false,"generations":20,"population":200,"mutation":0.2,"crossover":0.8,"tournament_size":50,"data_size":18000}
Best, Average, Worst
0, 0.4256111111111111, 0.33445055555555553, 0.27316666666666667
1, 0.4256111111111111, 0.33532194444444446, 0.2922222222222222
2, 0.4305555555555556, 0.3364477777777778, 0.2838333333333333
3, 0.4305555555555556, 0.3428725, 0.31105555555555553
4, 0.4305555555555556, 0.3465325, 0.2867222222222222
5, 0.4305555555555556, 0.3437880555555556, 0.29444444444444445
6, 0.4341111111111111, 0.3443761111111111, 0.29483333333333334
7, 0.4341111111111111, 0.34914194444444446, 0.30944444444444447
8, 0.4341111111111111, 0.34695444444444445, 0.3307222222222222
9, 0.4341111111111111, 0.3561227777777778, 0.3265
10, 0.4341111111111111, 0.36109083333333336, 0.32972222222222225
11, 0.43494444444444447, 0.36428083333333333, 0.33266666666666667
12, 0.43494444444444447, 0.360175, 0.33261111111111114
13, 0.43494444444444447, 0.36214416666666666, 0.33266666666666667
14, 0.43494444444444447, 0.3772152777777778, 0.33266666666666667
15, 0.43494444444444447, 0.3904608333333333, 0.3323333333333333
16, 0.43494444444444447, 0.4002172222222222, 0.3327777777777778
17, 0.43494444444444447, 0.4000608333333333, 0.3417222222222222
18, 0.43494444444444447, 0.3978361111111111, 0.34394444444444444
19, 0.43494444444444447, 0.39864638888888887, 0.3416111111111111
