{"verbose":false,"generations":20,"population":200,"mutation":0.2,"crossover":0.8,"tournament_size":50,"data_size":18000}
Best, Average, Worst
0, 0.43327777777777776, 0.33763027777777777, 0.28644444444444445
1, 0.43327777777777776, 0.3348025, 0.25816666666666666
2, 0.43327777777777776, 0.3351002777777778, 0.27666666666666667
3, 0.4416111111111111, 0.3370386111111111, 0.2406111111111111
4, 0.44333333333333336, 0.3365075, 0.2406111111111111
5, 0.44333333333333336, 0.33602611111111114, 0.27244444444444443
6, 0.4461111111111111, 0.3409172222222222, 0.2821111111111111
7, 0.4461111111111111, 0.3420316666666667, 0.30577777777777776
8, 0.449, 0.348895, 0.31422222222222224
9, 0.45016666666666666, 0.3509291666666667, 0.3213888888888889
10, 0.45211111111111113, 0.3631577777777778, 0.3253333333333333
11, 0.45211111111111113, 0.3622755555555556, 0.33305555555555555
12, 0.45366666666666666, 0.3574422222222222, 0.31233333333333335
13, 0.45366666666666666, 0.3550197222222222, 0.33305555555555555
14, 0.45366666666666666, 0.3510586111111111, 0.3288333333333333
15, 0.45366666666666666, 0.3468597222222222, 0.3302777777777778
16, 0.45366666666666666, 0.34596194444444445, 0.33305555555555555
17, 0.45366666666666666, 0.3478177777777778, 0.33305555555555555
18, 0.45366666666666666, 0.3433891666666667, 0.33305555555555555
19, 0.45366666666666666, 0.34173916666666665, 0.3332222222222222
