{"verbose":false,"generations":20,"population":200,"mutation":0.2,"crossover":0.8,"tournament_size":50,"data_size":18000}
Best, Average, Worst
0, 0.42277777777777775, 0.33519805555555554, 0.27166666666666667
1, 0.42277777777777775, 0.33525944444444444, 0.2866111111111111
2, 0.42277777777777775, 0.3326788888888889, 0.24555555555555555
3, 0.42277777777777775, 0.33572555555555555, 0.2452777777777778
4, 0.42277777777777775, 0.3396577777777778, 0.31205555555555553
5, 0.4285555555555556, 0.3404636111111111, 0.24911111111111112
6, 0.4285555555555556, 0.3436605555555556, 0.28005555555555556
7, 0.4287222222222222, 0.34707166666666667, 0.3272777777777778
8, 0.4287222222222222, 0.34522861111111114, 0.3263333333333333
9, 0.4287222222222222, 0.3466005555555556, 0.32472222222222225
10, 0.4287222222222222, 0.3483063888888889, 0.32472222222222225
11, 0.4287222222222222, 0.34938, 0.3217777777777778
12, 0.4287222222222222, 0.352615, 0.3015
13, 0.4287222222222222, 0.3539727777777778, 0.31933333333333336
14, 0.4287222222222222, 0.3518047222222222, 0.2927222222222222
15, 0.42966666666666664, 0.35175222222222224, 0.30344444444444446
16, 0.42966666666666664, 0.3461827777777778, 0.28805555555555556
17, 0.42966666666666664, 0.3420063888888889, 0.2871111111111111
18, 0.42966666666666664, 0.3389311111111111, 0.2881111111111111
19, 0.42966666666666664, 0.3356822222222222, 0.29355555555555557
