{"verbose":false,"generations":20,"population":200,"mutation":0.2,"crossover":0.8,"tournament_size":50,"data_size":18000}
Best, Average, Worst
0, 0.4058333333333333, 0.33661083333333336, 0.2603888888888889
1, 0.40594444444444444, 0.33802, 0.2526111111111111
2, 0.4211666666666667, 0.3383425, 0.2872777777777778
3, 0.4211666666666667, 0.33818027777777776, 0.29083333333333333
4, 0.4225, 0.33918305555555556, 0.3020555555555556
5, 0.42283333333333334, 0.34119194444444445, 0.3268888888888889
6, 0.42283333333333334, 0.3398097222222222, 0.3065555555555556
7, 0.42288888888888887, 0.33788555555555555, 0.3265
8, 0.42288888888888887, 0.3354872222222222, 0.30133333333333334
9, 0.42288888888888887, 0.3340961111111111, 0.31055555555555553
10, 0.42288888888888887, 0.33497055555555555, 0.3333333333333333
11, 0.42288888888888887, 0.3344841666666667, 0.3333333333333333
12, 0.42288888888888887, 0.3338025, 0.31705555555555553
13, 0.42288888888888887, 0.3351502777777778, 0.3333333333333333
14, 0.42288888888888887, 0.33439694444444445, 0.3297777777777778
15, 0.42288888888888887, 0.3348833333333333, 0.3302777777777778
16, 0.42288888888888887, 0.33465555555555554, 0.3333333333333333
17, 0.42288888888888887, 0.33569333333333334, 0.3333333333333333
18, 0.42288888888888887, 0.3351322222222222, 0.3323888888888889
19, 0.42288888888888887, 0.3351625, 0.3333333333333333
