{"verbose":false,"generations":20,"population":200,"mutation":0.2,"crossover":0.8,"tournament_size":50,"data_size":18000}
Best, Average, Worst
0, 0.4113888888888889, 0.3342894444444444, 0.2658888888888889
1, 0.41233333333333333, 0.3386513888888889, 0.2951666666666667
2, 0.4167222222222222, 0.33992194444444446, 0.31172222222222223
3, 0.42644444444444446, 0.3410094444444444, 0.31416666666666665
4, 0.42966666666666664, 0.3403475, 0.315
5, 0.42966666666666664, 0.34111138888888887, 0.32916666666666666
6, 0.42966666666666664, 0.3381633333333333, 0.32822222222222225
7, 0.42966666666666664, 0.3385136111111111, 0.32822222222222225
8, 0.42966666666666664, 0.34251916666666665, 0.32822222222222225
9, 0.43116666666666664, 0.34547833333333333, 0.31
10, 0.43116666666666664, 0.3431275, 0.3126111111111111
11, 0.43116666666666664, 0.35098722222222223, 0.3128888888888889
12, 0.43116666666666664, 0.3549, 0.31272222222222223
13, 0.43116666666666664, 0.36172194444444444, 0.313
14, 0.43116666666666664, 0.36333583333333336, 0.31277777777777777
15, 0.43116666666666664, 0.36364861111111113, 0.3108888888888889
16, 0.43116666666666664, 0.36827638888888886, 0.31083333333333335
17, 0.43116666666666664, 0.3816908333333333, 0.31277777777777777
18, 0.43116666666666664, 0.39305972222222224, 0.3108888888888889
19, 0.43116666666666664, 0.3877158333333333, 0.3108888888888889
