{"verbose":false,"generations":20,"population":200,"mutation":0.2,"crossover":0.8,"tournament_size":50,"data_size":18000}
Best, Average, Worst
0, 0.4121111111111111, 0.33246611111111113, 0.255
1, 0.421, 0.33486805555555554, 0.2745
2, 0.421, 0.3355283333333333, 0.25533333333333336
3, 0.42877777777777776, 0.33783, 0.25683333333333336
4, 0.4315555555555556, 0.33993666666666666, 0.2545
5, 0.4341111111111111, 0.3404627777777778, 0.2386111111111111
6, 0.4341111111111111, 0.3442338888888889, 0.29394444444444445
7, 0.4341111111111111, 0.3438663888888889, 0.30883333333333335
8, 0.4341111111111111, 0.34414361111111114, 0.29544444444444445
9, 0.4341111111111111, 0.34429805555555554, 0.28944444444444445
10, 0.4341111111111111, 0.34143305555555553, 0.2777777777777778
11, 0.4341111111111111, 0.33879, 0.3055
12, 0.4341111111111111, 0.34029694444444447, 0.3275
13, 0.4341111111111111, 0.34080166666666667, 0.3308888888888889
14, 0.4341111111111111, 0.3397136111111111, 0.333
15, 0.4341111111111111, 0.33764833333333333, 0.3323888888888889
16, 0.4341111111111111, 0.33878444444444444, 0.33161111111111113
17, 0.4341111111111111, 0.3361836111111111, 0.33244444444444443
18, 0.4341111111111111, 0.33525, 0.33294444444444443
19, 0.4341111111111111, 0.3356308333333333, 0.3333333333333333
