{"verbose":false,"generations":20,"population":200,"mutation":0.2,"crossover":0.8,"tournament_size":50,"data_size":18000}
Best, Average, Worst
0, 0.4106111111111111, 0.33290166666666665, 0.25405555555555553
1, 0.4106111111111111, 0.33361583333333333, 0.2624444444444444
2, 0.4106111111111111, 0.33433416666666665, 0.2801111111111111
3, 0.4106111111111111, 0.33751444444444445, 0.2946666666666667
4, 0.4106111111111111, 0.34239138888888887, 0.2926111111111111
5, 0.4106111111111111, 0.3440066666666667, 0.2843888888888889
6, 0.4106111111111111, 0.34353361111111114, 0.2818888888888889
7, 0.4106111111111111, 0.34350583333333334, 0.32116666666666666
8, 0.4106111111111111, 0.34469083333333334, 0.31216666666666665
9, 0.4106111111111111, 0.34444444444444444, 0.32016666666666665
10, 0.4106111111111111, 0.34461277777777777, 0.3181111111111111
11, 0.4106111111111111, 0.34565944444444446, 0.31522222222222224
12, 0.4106111111111111, 0.3431852777777778, 0.31677777777777777
13, 0.4106111111111111, 0.34404555555555555, 0.30844444444444447
14, 0.4106111111111111, 0.34371944444444447, 0.3175
15, 0.4106111111111111, 0.34542694444444444, 0.309
16, 0.4106111111111111, 0.34505416666666666, 0.32222222222222224
17, 0.4106111111111111, 0.34511277777777777, 0.31372222222222224
18, 0.4106111111111111, 0.3464, 0.309
19, 0.4106111111111111, 0.35228194444444444, 0.31605555555555553
