{"verbose":false,"generations":20,"population":200,"mutation":0.2,"crossover":0.8,"tournament_size":50,"data_size":18000}
Best, Average, Worst
0, 0.4076111111111111, 0.33394527777777777, 0.28205555555555556
1, 0.4231111111111111, 0.3360975, 0.27466666666666667
2, 0.4231111111111111, 0.3395988888888889, 0.28255555555555556
3, 0.4246666666666667, 0.34146305555555556, 0.2643888888888889
4, 0.4246666666666667, 0.34057, 0.3028888888888889
5, 0.4246666666666667, 0.3361908333333333, 0.29094444444444445
6, 0.43827777777777777, 0.336775, 0.31933333333333336
7, 0.43827777777777777, 0.3360036111111111, 0.3184444444444444
8, 0.43827777777777777, 0.33708916666666666, 0.29144444444444445
9, 0.43827777777777777, 0.33512333333333333, 0.32966666666666666
10, 0.43827777777777777, 0.3351747222222222, 0.32166666666666666
11, 0.43827777777777777, 0.3362663888888889, 0.31427777777777777
12, 0.43827777777777777, 0.33816111111111113, 0.30905555555555553
13, 0.43827777777777777, 0.33507027777777776, 0.312
14, 0.43827777777777777, 0.33455694444444445, 0.3073888888888889
15, 0.43827777777777777, 0.3347038888888889, 0.31172222222222223
16, 0.43827777777777777, 0.3360461111111111, 0.3278888888888889
17, 0.43827777777777777, 0.3357380555555556, 0.32116666666666666
18, 0.43827777777777777, 0.3345122222222222, 0.3205
19, 0.43827777777777777, 0.3350338888888889, 0.32922222222222225
