{"verbose":false,"generations":70,"population":200,"mutation":0.2,"crossover":0.8,"tournament_size":50,"data_size":6000,"data_type":"wines"}
Generation, Best, Average, Worst
0, 0.445, 0.09758416666666667, 0
1, 0.445, 0.08258666666666667, 0
2, 0.445, 0.08859583333333333, 0
3, 0.445, 0.0962275, 0
4, 0.445, 0.07047833333333334, 0
5, 0.445, 0.07818666666666667, 0
6, 0.445, 0.06358583333333333, 0
7, 0.445, 0.044403333333333336, 0
8, 0.445, 0.019758333333333333, 0
9, 0.445, 0.013078333333333334, 0
10, 0.445, 0.012640833333333334, 0
11, 0.445, 0.0236025, 0
12, 0.445, 0.0142975, 0
13, 0.445, 0.013648333333333333, 0
14, 0.445, 0.011050833333333333, 0
15, 0.445, 0.016048333333333335, 0
16, 0.445, 0.0070216666666666665, 0
17, 0.445, 0.005256666666666666, 0
18, 0.445, 0.0126825, 0
19, 0.445, 0.0023525, 0
20, 0.445, 0.002659166666666667, 0
21, 0.445, 0.0025283333333333334, 0
22, 0.445, 0.0033916666666666665, 0
23, 0.445, 0.0022375, 0
24, 0.445, 0.0022841666666666666, 0
25, 0.445, 0.00328, 0
26, 0.445, 0.003165, 0
27, 0.445, 0.00327, 0
28, 0.445, 0.002268333333333333, 0
29, 0.445, 0.002244166666666667, 0
30, 0.445, 0.0028116666666666667, 0
31, 0.445, 0.0034016666666666666, 0
32, 0.445, 0.0023041666666666666, 0
33, 0.445, 0.00392, 0
34, 0.445, 0.0046825, 0
35, 0.445, 0.008166666666666666, 0
36, 0.445, 0.0036525, 0
37, 0.445, 0.007974166666666666, 0
38, 0.445, 0.005485833333333333, 0
39, 0.445, 0.0025958333333333332, 0
40, 0.445, 0.0033816666666666665, 0
41, 0.445, 0.004523333333333333, 0
42, 0.445, 0.0036683333333333333, 0
43, 0.445, 0.00225, 0
44, 0.445, 0.0029516666666666667, 0
45, 0.445, 0.0032716666666666666, 0
46, 0.445, 0.0029341666666666665, 0
47, 0.445, 0.0024016666666666665, 0
48, 0.445, 0.0032716666666666666, 0
49, 0.445, 0.0042808333333333335, 0
50, 0.445, 0.0053675, 0
51, 0.445, 0.0033816666666666665, 0
52, 0.445, 0.0030633333333333333, 0
53, 0.445, 0.004030833333333333, 0
54, 0.445, 0.003160833333333333, 0
55, 0.445, 0.0030708333333333334, 0
56, 0.445, 0.006588333333333333, 0
57, 0.445, 0.004170833333333334, 0
58, 0.445, 0.0053258333333333335, 0
59, 0.445, 0.00495, 0
60, 0.445, 0.0061716666666666664, 0
61, 0.445, 0.006375, 0
62, 0.445, 0.013916666666666667, 0
63, 0.445, 0.0053225, 0
64, 0.445, 0.007123333333333333, 0
65, 0.445, 0.007933333333333334, 0
66, 0.445, 0.017464166666666666, 0
67, 0.445, 0.009990833333333332, 0
68, 0.445, 0.01644083333333333, 0
69, 0.445, 0.015148333333333333, 0
