{"verbose":false,"generations":70,"population":200,"mutation":0.2,"crossover":0.8,"tournament_size":50,"data_size":6000,"data_type":"wines"}
Generation, Best, Average, Worst
0, 0.44733333333333336, 0.12046583333333333, 0
1, 0.4513333333333333, 0.13116833333333333, 0
2, 0.4513333333333333, 0.0783825, 0
3, 0.4513333333333333, 0.06201916666666667, 0
4, 0.45216666666666666, 0.113775, 0
5, 0.45216666666666666, 0.06807083333333333, 0
6, 0.454, 0.087995, 0
7, 0.454, 0.09329083333333334, 0
8, 0.454, 0.1174075, 0
9, 0.454, 0.07921583333333333, 0
10, 0.454, 0.07936, 0
11, 0.454, 0.07459583333333333, 0
12, 0.454, 0.06276833333333333, 0
13, 0.454, 0.03354083333333333, 0
14, 0.454, 0.007134166666666666, 0
15, 0.454, 0.009429166666666667, 0
16, 0.454, 0.009821666666666666, 0
17, 0.454, 0.008553333333333333, 0
18, 0.454, 0.012496666666666666, 0
19, 0.454, 0.029338333333333334, 0
20, 0.454, 0.0329825, 0
21, 0.454, 0.053551666666666664, 0
22, 0.454, 0.05601916666666667, 0
23, 0.454, 0.060575, 0
24, 0.454, 0.057938333333333335, 0
25, 0.454, 0.03929, 0
26, 0.454, 0.035250833333333335, 0
27, 0.454, 0.03706916666666667, 0
28, 0.454, 0.032973333333333334, 0
29, 0.454, 0.0558325, 0
30, 0.454, 0.05381416666666667, 0
31, 0.454, 0.07338083333333334, 0
32, 0.454, 0.0621375, 0
33, 0.454, 0.0511325, 0
34, 0.454, 0.083965, 0
35, 0.454, 0.0669425, 0
36, 0.454, 0.07768916666666667, 0
37, 0.454, 0.09299166666666667, 0
38, 0.454, 0.06596833333333334, 0
39, 0.454, 0.060929166666666666, 0
40, 0.454, 0.059515, 0
41, 0.454, 0.08843083333333333, 0
42, 0.454, 0.08298333333333334, 0
43, 0.454, 0.0947, 0
44, 0.454, 0.08773833333333333, 0
45, 0.454, 0.08019, 0
46, 0.454, 0.10109333333333333, 0
47, 0.454, 0.11023666666666666, 0
48, 0.454, 0.0962725, 0
49, 0.454, 0.1334275, 0
50, 0.454, 0.11414083333333333, 0
51, 0.454, 0.10727416666666667, 0
52, 0.454, 0.0839925, 0
53, 0.454, 0.14295583333333334, 0
54, 0.454, 0.138595, 0
55, 0.454, 0.14750666666666667, 0
56, 0.454, 0.12890583333333333, 0
57, 0.454, 0.12190666666666666, 0
58, 0.454, 0.14646833333333334, 0
59, 0.454, 0.13286416666666667, 0
60, 0.454, 0.12512166666666666, 0
61, 0.454, 0.08816333333333333, 0
62, 0.454, 0.06490833333333333, 0
63, 0.454, 0.06489, 0
64, 0.454, 0.043155, 0
65, 0.454, 0.036373333333333334, 0
66, 0.454, 0.07646583333333333, 0
67, 0.454, 0.057349166666666666, 0
68, 0.454, 0.06217333333333333, 0
69, 0.454, 0.03803083333333333, 0
