{"verbose":false,"generations":70,"population":200,"mutation":0.2,"crossover":0.8,"tournament_size":50,"data_size":6000,"data_type":"wines"}
Generation, Best, Average, Worst
0, 0.4455, 0.09775, 0
1, 0.4455, 0.09256083333333333, 0
2, 0.4455, 0.08534333333333333, 0
3, 0.4455, 0.077805, 0
4, 0.4455, 0.09258666666666666, 0
5, 0.4455, 0.11200333333333333, 0
6, 0.4455, 0.06586916666666667, 0
7, 0.4455, 0.03484916666666667, 0
8, 0.4455, 0.023410833333333332, 0
9, 0.4455, 0.043765, 0
10, 0.4455, 0.0247275, 0
11, 0.4455, 0.011488333333333333, 0
12, 0.4455, 0.016873333333333334, 0
13, 0.4455, 0.02008, 0
14, 0.4455, 0.024306666666666667, 0
15, 0.4455, 0.008690833333333333, 0
16, 0.4455, 0.013365833333333334, 0
17, 0.4455, 0.015546666666666667, 0
18, 0.4455, 0.011881666666666667, 0
19, 0.4455, 0.008908333333333334, 0
20, 0.4455, 0.025803333333333334, 0
21, 0.4455, 0.014621666666666666, 0
22, 0.4455, 0.006965, 0
23, 0.4455, 0.034999166666666665, 0
24, 0.4455, 0.0030175, 0
25, 0.4455, 0.0090275, 0
26, 0.4455, 0.0022475, 0
27, 0.4455, 0.0022775, 0
28, 0.4455, 0.002235, 0
29, 0.4455, 0.005445, 0
30, 0.4455, 0.0022325, 0
31, 0.4455, 0.004695, 0
32, 0.4455, 0.002286666666666667, 0
33, 0.4455, 0.0044275, 0
34, 0.4455, 0.0039633333333333335, 0
35, 0.4455, 0.004831666666666666, 0
36, 0.4455, 0.0022275, 0
37, 0.4455, 0.0022275, 0
38, 0.4455, 0.0022275, 0
39, 0.4455, 0.0057275, 0
40, 0.4455, 0.0022275, 0
41, 0.4455, 0.0062608333333333335, 0
42, 0.4455, 0.0022658333333333332, 0
43, 0.4455, 0.0022275, 0
44, 0.4455, 0.006253333333333333, 0
45, 0.4455, 0.005494166666666666, 0
46, 0.4455, 0.0024533333333333334, 0
47, 0.4455, 0.002286666666666667, 0
48, 0.4455, 0.002500833333333333, 0
49, 0.4455, 0.004353333333333333, 0
50, 0.4455, 0.0022483333333333335, 0
51, 0.4455, 0.002278333333333333, 0
52, 0.4455, 0.003703333333333333, 0
53, 0.4455, 0.0031458333333333334, 0
54, 0.4455, 0.00225, 0
55, 0.4455, 0.0023083333333333332, 0
56, 0.4455, 0.0041325, 0
57, 0.4455, 0.004534166666666666, 0
58, 0.4455, 0.0022975, 0
59, 0.4455, 0.004175, 0
60, 0.4455, 0.0028691666666666666, 0
61, 0.4455, 0.0045925, 0
62, 0.4455, 0.006026666666666666, 0
63, 0.4455, 0.0030491666666666666, 0
64, 0.4455, 0.002319166666666667, 0
65, 0.4455, 0.0024883333333333333, 0
66, 0.4455, 0.0125625, 0
67, 0.4455, 0.005859166666666667, 0
68, 0.4455, 0.0026425, 0
69, 0.4455, 0.006625833333333333, 0
