{"verbose":false,"generations":70,"population":200,"mutation":0.2,"crossover":0.8,"tournament_size":50,"data_size":6000,"data_type":"wines"}
Generation, Best, Average, Worst
0, 0.4495, 0.06753833333333334, 0
1, 0.4495, 0.06120916666666667, 0
2, 0.4495, 0.10565833333333334, 0
3, 0.4495, 0.12097, 0
4, 0.4495, 0.17606583333333334, 0
5, 0.4495, 0.22485583333333334, 0
6, 0.45, 0.3193566666666667, 0
7, 0.45, 0.412845, 0
8, 0.45, 0.4394425, 0
9, 0.45, 0.4422975, 0
10, 0.45, 0.4471891666666667, 0
11, 0.45, 0.4405125, 0
12, 0.45, 0.4495025, 0.4495
13, 0.45, 0.4495025, 0.4495
14, 0.45, 0.4495025, 0.4495
15, 0.45, 0.4495025, 0.4495
16, 0.45, 0.4495025, 0.4495
17, 0.45, 0.4495025, 0.4495
18, 0.45, 0.4495025, 0.4495
19, 0.45, 0.4495025, 0.4495
20, 0.45, 0.4495025, 0.4495
21, 0.45, 0.4495025, 0.4495
22, 0.45, 0.4495025, 0.4495
23, 0.45, 0.4495025, 0.4495
24, 0.45, 0.4495025, 0.4495
25, 0.45, 0.4495025, 0.4495
26, 0.45, 0.4495025, 0.4495
27, 0.45, 0.4495025, 0.4495
28, 0.45, 0.4495025, 0.4495
29, 0.45, 0.4495025, 0.4495
30, 0.45, 0.4495025, 0.4495
31, 0.45, 0.4495025, 0.4495
32, 0.45, 0.4495025, 0.4495
33, 0.45, 0.4495025, 0.4495
34, 0.45, 0.4495025, 0.4495
35, 0.45, 0.4495025, 0.4495
36, 0.45, 0.4495025, 0.4495
37, 0.45, 0.4495025, 0.4495
38, 0.45, 0.4495025, 0.4495
39, 0.45, 0.4495025, 0.4495
40, 0.45, 0.4495025, 0.4495
41, 0.45, 0.4495025, 0.4495
42, 0.45, 0.4495025, 0.4495
43, 0.45, 0.4495025, 0.4495
44, 0.45, 0.4495025, 0.4495
45, 0.45, 0.4495025, 0.4495
46, 0.45, 0.4495025, 0.4495
47, 0.45, 0.4495025, 0.4495
48, 0.45, 0.4495025, 0.4495
49, 0.45, 0.4495025, 0.4495
50, 0.45, 0.4495025, 0.4495
51, 0.45, 0.4495025, 0.4495
52, 0.45, 0.4495025, 0.4495
53, 0.45, 0.4495025, 0.4495
54, 0.45, 0.4495025, 0.4495
55, 0.45, 0.4495025, 0.4495
56, 0.45, 0.449505, 0.4495
57, 0.45, 0.4495025, 0.4495
58, 0.45, 0.4495025, 0.4495
59, 0.45, 0.4495025, 0.4495
60, 0.45, 0.4495025, 0.4495
61, 0.45, 0.4495025, 0.4495
62, 0.45, 0.4495025, 0.4495
63, 0.45, 0.4495025, 0.4495
64, 0.45, 0.4495025, 0.4495
65, 0.45, 0.4495025, 0.4495
66, 0.45, 0.4495025, 0.4495
67, 0.45, 0.4495025, 0.4495
68, 0.45, 0.4495025, 0.4495
69, 0.45, 0.4495025, 0.4495
