{"verbose":false,"generations":70,"population":200,"mutation":0.2,"crossover":0.8,"tournament_size":50,"data_size":6000,"data_type":"wines"}
Generation, Best, Average, Worst
0, 0.4558333333333333, 0.08896166666666666, 0
1, 0.46416666666666667, 0.08686166666666667, 0
2, 0.46416666666666667, 0.1064525, 0
3, 0.46416666666666667, 0.096045, 0
4, 0.46416666666666667, 0.066385, 0
5, 0.4666666666666667, 0.0848775, 0
6, 0.4666666666666667, 0.14154666666666665, 0
7, 0.469, 0.0944975, 0
8, 0.4703333333333333, 0.10094583333333333, 0
9, 0.4703333333333333, 0.1296825, 0
10, 0.471, 0.13651916666666666, 0
11, 0.471, 0.15647916666666667, 0
12, 0.471, 0.16956416666666665, 0
13, 0.471, 0.1805925, 0
14, 0.471, 0.18153, 0
15, 0.471, 0.16035583333333334, 0
16, 0.471, 0.17006833333333332, 0
17, 0.471, 0.184025, 0
18, 0.4715, 0.20027666666666666, 0
19, 0.473, 0.25115583333333336, 0
20, 0.473, 0.2621116666666667, 0
21, 0.473, 0.2929541666666667, 0
22, 0.473, 0.2674991666666667, 0
23, 0.473, 0.2395025, 0
24, 0.473, 0.20945833333333333, 0
25, 0.473, 0.19195166666666666, 0
26, 0.473, 0.22607083333333333, 0
27, 0.473, 0.21263666666666667, 0
28, 0.473, 0.20816583333333333, 0
29, 0.473, 0.20588583333333332, 0
30, 0.473, 0.26269916666666665, 0
31, 0.473, 0.31234833333333334, 0
32, 0.473, 0.3481275, 0
33, 0.473, 0.38492583333333336, 0
34, 0.473, 0.3688533333333333, 0
35, 0.473, 0.3877583333333333, 0
36, 0.473, 0.3601683333333333, 0
37, 0.473, 0.34587833333333334, 0
38, 0.473, 0.321375, 0
39, 0.473, 0.3104983333333333, 0
40, 0.473, 0.2719066666666667, 0
41, 0.473, 0.26277333333333336, 0
42, 0.473, 0.2970408333333333, 0
43, 0.473, 0.2918908333333333, 0
44, 0.473, 0.29657, 0
45, 0.473, 0.3076225, 0
46, 0.473, 0.25707583333333334, 0
47, 0.473, 0.20736583333333333, 0
48, 0.473, 0.13006666666666666, 0
49, 0.473, 0.14556666666666668, 0
50, 0.473, 0.1956475, 0
51, 0.473, 0.217415, 0
52, 0.473, 0.20804416666666667, 0
53, 0.473, 0.2414825, 0
54, 0.473, 0.23970833333333333, 0
55, 0.473, 0.2383675, 0
56, 0.473, 0.26088083333333334, 0
57, 0.473, 0.27170666666666665, 0
58, 0.473, 0.3315108333333333, 0
59, 0.473, 0.36337833333333336, 0
60, 0.473, 0.35881583333333333, 0
61, 0.473, 0.40220083333333334, 0
62, 0.473, 0.39905416666666665, 0
63, 0.473, 0.38904916666666667, 0
64, 0.473, 0.36225416666666665, 0
65, 0.473, 0.3611125, 0
66, 0.473, 0.38480333333333333, 0
67, 0.473, 0.38322333333333336, 0
68, 0.473, 0.3923425, 0
69, 0.473, 0.4168375, 0
